Mouse,Group,Unit,Zscore_mean_after,Status
F3876,saline,58,-1.481,no change
F3876,saline,66,-0.112,no change
F3876,saline,72,-0.648,no change
F3876,saline,80,-0.855,no change
F3876,saline,104,0.353,no change
F3876,saline,109,-0.119,no change
F3876,saline,110,-0.038,no change
F3876,saline,114,0.25,no change
F3876,saline,120,-0.792,no change
F3876,saline,131,-1.125,no change
F3876,saline,135,-0.798,no change
F3876,saline,158,-0.28,no change
F3876,saline,170,-0.469,no change
F3876,saline,172,0.551,no change
F3876,saline,180,1.039,no change
F3876,saline,186,-0.283,no change
F3876,saline,192,-0.961,no change
F3876,saline,196,-1.318,no change
F3876,saline,200,-1.037,no change
F3876,saline,206,-0.341,no change
F3876,saline,212,-0.495,no change
F3876,saline,215,-0.48,no change
F3876,saline,219,1.585,no change
F3876,saline,223,0.401,no change
F3876,saline,232,0.738,no change
F3876,saline,234,0.491,no change
F3876,saline,236,-1.565,no change
F3876,saline,240,-0.379,no change
F3876,saline,244,0.573,no change
F3876,saline,246,-0.696,no change
F3876,saline,250,-0.932,no change
F3876,saline,252,-0.278,no change
F3876,saline,254,-0.703,no change
F3876,saline,256,-0.377,no change
F3878,saline,88,-0.648,no change
F3878,saline,112,-0.399,no change
F3878,saline,122,0.263,no change
F3878,saline,128,-0.155,no change
F3878,saline,134,-0.367,no change
F3878,saline,142,2.161,no change
F3878,saline,144,1.126,no change
F3878,saline,146,0.044,no change
F3878,saline,148,0.035,no change
F3878,saline,156,-0.233,no change
F3878,saline,162,-0.164,no change
F3878,saline,172,-0.143,no change
F3878,saline,182,0.081,no change
F3878,saline,200,-0.023,no change
F3878,saline,204,-0.178,no change
F3878,saline,212,0.552,no change
F3878,saline,218,-0.454,no change
F3878,saline,228,-0.594,no change
F3878,saline,238,-0.822,no change
F3878,saline,242,-0.126,no change
F3878,saline,248,-0.153,no change
F3878,saline,256,0.052,no change
F3878,saline,262,-1.259,no change
F3878,saline,266,-0.091,no change
F3878,saline,272,-1.11,no change
F3878,saline,278,-0.288,no change
F3878,saline,282,-1.563,no change
F3878,saline,292,-0.229,no change
F3878,saline,298,0.397,no change
F3878,saline,302,-0.154,no change
F3878,saline,308,-0.38,no change
F3878,saline,314,-0.321,no change
F3878,saline,322,-0.379,no change
F3878,saline,328,0.378,no change
F3878,saline,332,0.2,no change
F3878,saline,340,0.266,no change
F3878,saline,344,-1.21,no change
F3878,saline,350,0.2,no change
F3878,saline,360,-0.227,no change
F3878,saline,364,0.118,no change
F3878,saline,374,-0.573,no change
F3878,saline,382,-0.587,no change
F3878,saline,388,-0.37,no change
F3878,saline,392,-0.262,no change
F3878,saline,396,-0.12,no change
F3878,saline,404,-0.473,no change
F3878,saline,414,-0.754,no change
F3878,saline,424,-0.838,no change
F3878,saline,426,-0.029,no change
F3878,saline,432,0.188,no change
F3878,saline,438,-0.405,no change
F3878,saline,444,-0.359,no change
F3878,saline,450,-0.024,no change
F3878,saline,454,-0.516,no change
F3878,saline,460,-0.183,no change
F3878,saline,466,0.727,no change
F3878,saline,470,0.351,no change
F3879,5-Meo,113,-10.498,inhibited
F3879,5-Meo,123,-1.265,no change
F3879,5-Meo,127,-2.993,inhibited
F3879,5-Meo,131,14.371,excited
F3879,5-Meo,133,-3.222,inhibited
F3879,5-Meo,135,-3.044,inhibited
F3879,5-Meo,141,-2.056,no change
F3879,5-Meo,143,-1.274,no change
F3879,5-Meo,149,-6.287,inhibited
F3879,5-Meo,155,-1.524,no change
F3879,5-Meo,159,-0.888,no change
F3879,5-Meo,163,-1.554,no change
F3879,5-Meo,167,-1.858,no change
F3879,5-Meo,189,-4.162,inhibited
F3879,5-Meo,205,-5.885,inhibited
F3879,5-Meo,223,-4.068,inhibited
F3879,5-Meo,229,-2.748,inhibited
F3879,5-Meo,235,0.519,no change
F3879,5-Meo,253,-2.802,inhibited
F3879,5-Meo,259,-4.04,inhibited
F3879,5-Meo,267,-3.312,inhibited
F3879,5-Meo,277,-0.569,no change
F3879,5-Meo,289,-2.035,no change
F3879,5-Meo,299,-9.806,inhibited
F3879,5-Meo,301,-11.941,inhibited
F3879,5-Meo,307,-5.651,inhibited
F3879,5-Meo,319,-5.3,inhibited
F3879,5-Meo,327,-4.417,inhibited
F3879,5-Meo,333,-2.113,no change
F3879,5-Meo,341,-4.773,inhibited
F3879,5-Meo,351,-5.911,inhibited
F3879,5-Meo,365,-2.897,inhibited
F3879,5-Meo,369,-5.752,inhibited
F3879,5-Meo,373,-8.447,inhibited
F3879,5-Meo,377,-2.645,inhibited
F3879,5-Meo,383,0.205,no change
F3879,5-Meo,391,-4.756,inhibited
F3879,5-Meo,397,0.691,no change
F3879,5-Meo,401,-0.792,no change
F3879,5-Meo,405,-2.754,inhibited
F3879,5-Meo,421,-4.821,inhibited
F3879,5-Meo,425,-3.01,inhibited
F3879,5-Meo,431,-5.089,inhibited
F3879,5-Meo,437,-7.889,inhibited
F3879,5-Meo,449,-2.342,no change
F3879,5-Meo,453,3.338,excited
F3879,5-Meo,457,6.896,excited
F3879,5-Meo,473,-4.375,inhibited
F3879,5-Meo,495,-5.834,inhibited
F3879,5-Meo,499,-3.825,inhibited
F3879,5-Meo,507,-4.124,inhibited
F3879,5-Meo,513,-7.798,inhibited
F3879,5-Meo,525,-3.804,inhibited
F3879,5-Meo,531,-3.076,inhibited
F3879,5-Meo,545,-4.353,inhibited
F3879,5-Meo,549,-3.257,inhibited
F3879,5-Meo,557,-5.898,inhibited
F3879,5-Meo,563,-1.219,no change
F3879,5-Meo,567,-1.515,no change
F3879,5-Meo,575,-5.207,inhibited
F3879,5-Meo,579,-7.166,inhibited
F3879,5-Meo,587,-4.411,inhibited
F3879,5-Meo,591,-3.406,inhibited
F3879,5-Meo,593,-4.891,inhibited
F3879,5-Meo,603,-2.971,inhibited
F3879,5-Meo,607,0.625,no change
F3879,5-Meo,609,-3.108,inhibited
F3879,5-Meo,615,0.985,no change
F3879,5-Meo,619,0.473,no change
F3879,5-Meo,623,-1.657,no change
F3879,5-Meo,627,1.708,no change
F3879,5-Meo,631,0.798,no change
F3879,5-Meo,633,-1.336,no change
F3879,5-Meo,639,-2.387,no change
F3880,5-Meo,43,-2.91,inhibited
F3880,5-Meo,47,-0.273,no change
F3880,5-Meo,55,-2.797,inhibited
F3880,5-Meo,59,-6.046,inhibited
F3880,5-Meo,65,-6.88,inhibited
F3880,5-Meo,71,-8.602,inhibited
F3800,saline,73,-0.675,no change
F3800,saline,79,0.351,no change
F3800,saline,81,-0.07,no change
F3800,saline,96,1.544,no change
F3800,saline,100,-0.537,no change
F3800,saline,108,0.132,no change
F3800,saline,116,0.214,no change
F3800,saline,128,0.514,no change
F3800,saline,136,-0.072,no change
F3800,saline,144,0.681,no change
F3800,saline,150,0.944,no change
F3800,saline,156,0.776,no change
F3800,saline,168,0.808,no change
F3800,saline,172,0.093,no change
F3800,saline,174,0.118,no change
F3800,saline,176,0.726,no change
F3800,saline,178,0.201,no change
F3800,saline,182,0.315,no change
F3800,saline,188,0.842,no change
F3800,saline,192,-0.101,no change
F3800,saline,193,-0.278,no change
F3800,saline,200,0.64,no change
F3800,saline,204,0.424,no change
F3800,saline,212,0.026,no change
F3800,saline,216,-0.301,no change
F3800,saline,222,0.553,no change
F3800,saline,230,1.557,no change
F3800,saline,240,-0.012,no change
F3800,saline,242,0.537,no change
F3800,saline,248,0.48,no change
F3800,saline,262,0.667,no change
F3800,saline,272,0.319,no change
F3800,saline,278,1.792,no change
F3800,saline,280,0.777,no change
F3800,saline,284,0.929,no change
F3800,saline,296,0.177,no change
F3800,saline,300,0.479,no change
F3800,saline,304,0.199,no change
F3800,saline,318,1.375,no change
F3800,saline,327,-1.24,no change
F3800,saline,333,-0.888,no change
F3800,saline,335,0.082,no change
F3800,saline,339,-0.114,no change
F3800,saline,343,0.175,no change
F3800,saline,353,0.369,no change
F3800,saline,355,0.582,no change
F3800,saline,359,-0.204,no change
F3800,saline,361,-0.56,no change
F3800,saline,365,0.289,no change
F3800,saline,367,-0.48,no change
F3800,saline,369,1.589,no change
F3800,saline,371,0.037,no change
F3797,5-Meo,81,-3.075,inhibited
F3797,5-Meo,85,-2.114,no change
F3797,5-Meo,92,-1.601,no change
F3797,5-Meo,94,-2.848,inhibited
F3797,5-Meo,96,-1.918,no change
F3797,5-Meo,108,-2.827,inhibited
F3797,5-Meo,118,-3.544,inhibited
F3797,5-Meo,124,-3.776,inhibited
F3797,5-Meo,126,-2.75,inhibited
F3797,5-Meo,131,-1.344,no change
F3797,5-Meo,133,-4.484,inhibited
F3797,5-Meo,139,1.333,no change
F3797,5-Meo,141,0.272,no change
F3797,5-Meo,143,-0.92,no change
F3797,5-Meo,147,-0.319,no change
F3797,5-Meo,149,1.677,no change
F3797,5-Meo,155,-4.621,inhibited
F3797,5-Meo,157,-2.776,inhibited
F3797,5-Meo,161,-4.783,inhibited
F3797,5-Meo,165,-1.092,no change
F3797,5-Meo,171,-2.038,no change
F3797,5-Meo,175,-3.928,inhibited
F3797,5-Meo,181,-2.542,no change
F3797,5-Meo,183,-1.434,no change
F3797,5-Meo,187,0.091,no change
F3797,5-Meo,191,0.849,no change
F3797,5-Meo,195,-1.19,no change
F3797,5-Meo,199,-2.816,inhibited
F3797,5-Meo,203,0.502,no change
F3797,5-Meo,205,-1.096,no change
F3797,5-Meo,209,-2.863,inhibited
F3797,5-Meo,213,-1.183,no change
F3797,5-Meo,217,-3.937,inhibited
F3797,5-Meo,219,-2.914,inhibited
F3797,5-Meo,223,-1.859,no change
F3797,5-Meo,225,-4.231,inhibited
F3797,5-Meo,229,-3.689,inhibited
F3797,5-Meo,231,-2.447,no change
F3797,5-Meo,235,-2.949,inhibited
F3797,5-Meo,237,-1.116,no change
F3797,5-Meo,241,-4.108,inhibited
F3797,5-Meo,245,-0.69,no change
F3797,5-Meo,249,-0.006,no change
F3797,5-Meo,255,-2.749,inhibited
F3797,5-Meo,257,-1.484,no change
F3797,5-Meo,261,-1.511,no change
F3797,5-Meo,265,-3.976,inhibited
F3797,5-Meo,269,-5.394,inhibited
F3797,5-Meo,273,-3.293,inhibited
F3797,5-Meo,275,-2.348,no change
F3797,5-Meo,277,-2.374,no change
F3797,5-Meo,281,-5.408,inhibited
F3797,5-Meo,283,-4.64,inhibited
F3797,5-Meo,285,-4.81,inhibited
F3797,5-Meo,289,-5.669,inhibited
F3797,5-Meo,293,-2.078,no change
F3797,5-Meo,295,-1.171,no change
F3797,5-Meo,297,6.706,excited
F3797,5-Meo,301,0.67,no change
F3797,5-Meo,307,6.238,excited
F3797,5-Meo,309,-3.208,inhibited
F3797,5-Meo,311,-2.953,inhibited
F3797,5-Meo,313,-3.531,inhibited
F3797,5-Meo,317,-4.727,inhibited
F3797,5-Meo,321,3.702,excited
F3797,5-Meo,329,-0.712,no change
F3797,5-Meo,331,1.676,no change
F3797,5-Meo,335,-0.958,no change
F3797,5-Meo,337,-1.012,no change
F3797,5-Meo,339,-2.58,inhibited
F3797,5-Meo,341,-2.36,no change
F3797,5-Meo,343,-3.653,inhibited
F3797,5-Meo,347,1.085,no change
F3797,5-Meo,351,-0.218,no change
F3797,5-Meo,353,6.306,excited
F3797,5-Meo,360,1.513,no change
F3797,5-Meo,362,-0.861,no change
F3797,5-Meo,364,-1.694,no change
F3797,5-Meo,366,-5.845,inhibited
F3797,5-Meo,368,0.092,no change
F3797,5-Meo,370,-3.565,inhibited
F3797,5-Meo,372,-4.212,inhibited
F3797,5-Meo,376,-6.341,inhibited
F3797,5-Meo,380,-3.596,inhibited
F3797,5-Meo,382,-4.871,inhibited
F3797,5-Meo,384,0.835,no change
F3797,5-Meo,386,-3.486,inhibited
F3797,5-Meo,388,-4.967,inhibited
F3797,5-Meo,390,2.31,no change
F3797,5-Meo,392,-3.591,inhibited
F3797,5-Meo,394,5.477,excited
F3799,5-Meo,84,-1.993,no change
F3799,5-Meo,90,-3.216,inhibited
F3799,5-Meo,92,-1.26,no change
F3799,5-Meo,98,-3.696,inhibited
F3799,5-Meo,104,-4.713,inhibited
F3799,5-Meo,105,-0.1,no change
F3799,5-Meo,114,-5.934,inhibited
F3799,5-Meo,116,-5.239,inhibited
F3799,5-Meo,120,-4.976,inhibited
F3799,5-Meo,122,-3.337,inhibited
F3799,5-Meo,129,-3.704,inhibited
F3799,5-Meo,133,-2.53,no change
F3799,5-Meo,137,-2.939,inhibited
F3799,5-Meo,141,-3.558,inhibited
F3799,5-Meo,147,-4.314,inhibited
F3799,5-Meo,152,-4.59,inhibited
F3799,5-Meo,154,-4.188,inhibited
F3799,5-Meo,160,-6.059,inhibited
F3799,5-Meo,162,16.937,excited
F3799,5-Meo,164,-2.052,no change
F3799,5-Meo,172,-1.018,no change
F3799,5-Meo,176,-2.519,no change
F3799,5-Meo,190,-3.626,inhibited
F3799,5-Meo,194,-3.624,inhibited
F3799,5-Meo,200,-3.663,inhibited
F3799,5-Meo,206,-1.498,no change
F3799,5-Meo,212,0.044,no change
F3799,5-Meo,216,-1.918,no change
F3799,5-Meo,219,-3.001,inhibited
F3799,5-Meo,220,-4.458,inhibited
F3799,5-Meo,224,-2.569,no change
F3799,5-Meo,226,-1.927,no change
F3799,5-Meo,232,-3.176,inhibited
F3799,5-Meo,234,-3.979,inhibited
F3799,5-Meo,236,-4.854,inhibited
F3799,5-Meo,244,-3.685,inhibited
F3799,5-Meo,248,-4.351,inhibited
F3799,5-Meo,252,-2.238,no change
F3799,5-Meo,256,-2.354,no change
F3799,5-Meo,260,-6.927,inhibited
F3799,5-Meo,264,-4.293,inhibited
F3799,5-Meo,266,-2.739,inhibited
F3799,5-Meo,270,-2.417,no change
F3799,5-Meo,278,-16.049,inhibited
F3799,5-Meo,280,-4.89,inhibited
F3799,5-Meo,290,-1.871,no change
F3799,5-Meo,296,-2.865,inhibited
F3799,5-Meo,298,-2.035,no change
F3799,5-Meo,300,-5.756,inhibited
F3799,5-Meo,302,-4.77,inhibited
F3799,5-Meo,308,-6.919,inhibited
F3799,5-Meo,312,0.984,no change
F3799,5-Meo,313,11.222,excited
F3799,5-Meo,315,1.164,no change
F3799,5-Meo,317,-4.899,inhibited
F3799,5-Meo,319,-4.748,inhibited
F4020,saline,62,-0.164,no change
F4020,saline,66,0.335,no change
F4020,saline,72,0.609,no change
F4020,saline,78,0.43,no change
F4020,saline,84,-0.149,no change
F4020,saline,90,0.546,no change
F4020,saline,99,-2.299,no change
F4020,saline,101,-0.467,no change
F4020,saline,105,-0.13,no change
F4020,saline,109,0.281,no change
F4020,saline,113,0.587,no change
F4020,saline,115,-0.032,no change
F4020,saline,121,0.205,no change
F4020,saline,125,0.068,no change
F4020,saline,127,0.443,no change
F4020,saline,131,0.361,no change
F4020,saline,133,1.01,no change
F4020,saline,135,0.618,no change
F4020,saline,137,-0.319,no change
F4020,saline,139,0.331,no change
F4020,saline,143,0.238,no change
F4020,saline,147,0.432,no change
F4020,saline,151,0.325,no change
F4020,saline,159,0.924,no change
F4020,saline,161,0.194,no change
F4020,saline,163,0.395,no change
F4020,saline,167,0.333,no change
F4020,saline,169,0.519,no change
F4019,5-Meo,72,-1.989,no change
F4019,5-Meo,80,-5.446,inhibited
F4019,5-Meo,90,-4.384,inhibited
F4019,5-Meo,96,-2.42,no change
F4019,5-Meo,102,-2.64,inhibited
F4019,5-Meo,120,-4.727,inhibited
F4019,5-Meo,128,-4.197,inhibited
F4019,5-Meo,134,-4.171,inhibited
F4019,5-Meo,142,-4.436,inhibited
F4019,5-Meo,148,-3.829,inhibited
F4019,5-Meo,160,-5.684,inhibited
F4019,5-Meo,168,-6.645,inhibited
F4019,5-Meo,174,-0.518,no change
F4019,5-Meo,186,1.944,no change
F4019,5-Meo,194,-4.099,inhibited
F4019,5-Meo,198,-1.027,no change
F4019,5-Meo,204,-0.866,no change
F4019,5-Meo,212,-3.824,inhibited
F4019,5-Meo,224,-4.677,inhibited
F4019,5-Meo,230,-4.698,inhibited
F4019,5-Meo,234,-3.759,inhibited
F4019,5-Meo,258,1.287,no change
F4019,5-Meo,268,-1.753,no change
F4019,5-Meo,274,1.61,no change
F4019,5-Meo,280,-1.751,no change
F4019,5-Meo,298,-6.528,inhibited
F4019,5-Meo,300,-6.55,inhibited
F4019,5-Meo,304,-9.009,inhibited
F4019,5-Meo,307,-4.261,inhibited
F4019,5-Meo,308,-4.359,inhibited
F4019,5-Meo,316,-2.063,no change
F4019,5-Meo,322,-2.112,no change
F4019,5-Meo,326,0.357,no change
F4019,5-Meo,334,-4.899,inhibited
F4019,5-Meo,342,-5.741,inhibited
F4019,5-Meo,350,1.508,no change
F4019,5-Meo,352,8.968,excited
F4019,5-Meo,356,4.897,excited
F4019,5-Meo,362,-4.146,inhibited
F4019,5-Meo,384,-7.922,inhibited
F4019,5-Meo,388,-7.183,inhibited
F4019,5-Meo,398,-4.593,inhibited
F4019,5-Meo,412,-1.634,no change
F4019,5-Meo,414,-1.559,no change
F4019,5-Meo,424,-6.505,inhibited
F4019,5-Meo,430,-4.077,inhibited
F4019,5-Meo,434,-4.589,inhibited
F4019,5-Meo,446,-4.814,inhibited
F4019,5-Meo,458,-3.02,inhibited
F4019,5-Meo,470,5.588,excited
F4019,5-Meo,476,-1.687,no change
F4019,5-Meo,484,-3.463,inhibited
F4019,5-Meo,504,-5.169,inhibited
F4019,5-Meo,520,-1.851,no change
F4019,5-Meo,526,-1.955,no change
F4019,5-Meo,530,-1.547,no change
F4019,5-Meo,536,-0.228,no change
F4019,5-Meo,542,-5.736,inhibited
F4019,5-Meo,552,-0.487,no change
F4019,5-Meo,564,-3.097,inhibited
F4019,5-Meo,574,-2.234,no change
F4019,5-Meo,582,-1.938,no change
F4019,5-Meo,588,-4.044,inhibited
F4019,5-Meo,596,-1.464,no change
F4019,5-Meo,602,-0.541,no change
F4019,5-Meo,632,-3.092,inhibited
M4017,saline,74,1.032,no change
M4017,saline,83,0.341,no change
M4017,saline,85,-1.018,no change
M4017,saline,91,0.314,no change
M4017,saline,95,0.295,no change
M4017,saline,103,-0.292,no change
M4017,saline,113,0.743,no change
M4017,saline,131,0.418,no change
M4017,saline,141,1.236,no change
M4017,saline,149,1.151,no change
M4017,saline,159,0.529,no change
M4017,saline,167,0.941,no change
M4017,saline,177,0.062,no change
M4017,saline,185,-0.04,no change
M4017,saline,193,3.313,excited
M4017,saline,201,0.388,no change
M4017,saline,211,0.681,no change
M4017,saline,213,0.298,no change
M4017,saline,219,-0.335,no change
M4017,saline,227,-0.046,no change
M4017,saline,231,-0.974,no change
M4017,saline,237,0.597,no change
M4017,saline,245,-0.348,no change
M4017,saline,251,1.66,no change
M4017,saline,259,0.392,no change
M4017,saline,265,-0.807,no change
M4017,saline,273,1.209,no change
M4017,saline,275,0.43,no change
M4017,saline,279,1.627,no change
M4017,saline,283,2.524,no change
M4017,saline,291,-1.233,no change
M4017,saline,295,0.688,no change
M4017,saline,299,0.9,no change
M4017,saline,303,0.996,no change
M4017,saline,311,0.022,no change
M4017,saline,317,0.605,no change
M4017,saline,325,0.806,no change
M4017,saline,329,1.49,no change
M4017,saline,335,-0.666,no change
M4017,saline,341,-0.014,no change
M4017,saline,347,-0.21,no change
M4017,saline,355,2.047,no change
M4017,saline,357,0.675,no change
M4017,saline,365,1.559,no change
M4017,saline,369,2.096,no change
M4017,saline,398,0.563,no change
M4017,saline,402,0.479,no change
M4017,saline,410,0.721,no change
M4017,saline,418,1.195,no change
M4017,saline,428,1.544,no change
M4017,saline,432,-0.865,no change
M4017,saline,442,0.0,no change
M4017,saline,450,-0.836,no change
M4017,saline,454,0.017,no change
M4017,saline,458,0.649,no change
M4017,saline,466,1.413,no change
M4017,saline,468,1.123,no change
M4017,saline,472,1.325,no change
M4017,saline,474,0.711,no change
M4017,saline,476,1.401,no change
M4017,saline,486,0.381,no change
M4017,saline,492,1.212,no change
M4017,saline,496,-0.67,no change
M4017,saline,500,-0.301,no change
M4017,saline,502,2.004,no change
M4017,saline,504,1.284,no change
M4017,saline,508,2.058,no change
M4017,saline,512,-1.546,no change
M4017,saline,514,3.19,excited
M4017,saline,518,1.016,no change
M4018,5-Meo,39,-0.433,no change
M4018,5-Meo,70,0.195,no change
M4018,5-Meo,74,-1.552,no change
M4018,5-Meo,78,-1.178,no change
M4018,5-Meo,80,-1.279,no change
M4018,5-Meo,84,-4.861,inhibited
M4018,5-Meo,86,-5.865,inhibited
M4018,5-Meo,88,-5.614,inhibited
M4018,5-Meo,90,-5.702,inhibited
M4018,5-Meo,92,-3.72,inhibited
M4018,5-Meo,98,-6.442,inhibited
M4018,5-Meo,100,-4.562,inhibited
M4018,5-Meo,106,-5.749,inhibited
M4018,5-Meo,110,-7.235,inhibited
M4018,5-Meo,114,-5.661,inhibited
M4018,5-Meo,118,-3.15,inhibited
M4018,5-Meo,126,-5.959,inhibited
M4018,5-Meo,128,-5.571,inhibited
M4018,5-Meo,134,-2.325,no change
M4018,5-Meo,136,-3.544,inhibited
M4018,5-Meo,140,-1.953,no change
M4018,5-Meo,148,1.566,no change
M4018,5-Meo,154,-3.425,inhibited
M4018,5-Meo,156,1.946,no change
M4018,5-Meo,160,1.866,no change
M4018,5-Meo,162,-4.853,inhibited
M4018,5-Meo,168,-5.074,inhibited
M4018,5-Meo,170,-3.259,inhibited
M4018,5-Meo,171,-2.076,no change
M4018,5-Meo,174,-3.975,inhibited
M4018,5-Meo,176,-2.722,inhibited
M4018,5-Meo,180,-10.189,inhibited
M4018,5-Meo,186,-6.818,inhibited
M4018,5-Meo,188,-5.318,inhibited
M4018,5-Meo,190,-3.497,inhibited
M4018,5-Meo,198,-1.314,no change
M4018,5-Meo,200,25.155,excited
M4018,5-Meo,206,-4.899,inhibited
M4018,5-Meo,208,7.323,excited
M4018,5-Meo,212,1.841,no change
M4018,5-Meo,214,-5.524,inhibited
M4018,5-Meo,220,-1.5,no change
M4018,5-Meo,228,-5.932,inhibited
M4018,5-Meo,235,-4.349,inhibited
M4018,5-Meo,237,-6.363,inhibited
M4018,5-Meo,239,-2.141,no change
M4018,5-Meo,241,-3.613,inhibited
M4018,5-Meo,245,-8.144,inhibited
M4018,5-Meo,251,9.314,excited
M4018,5-Meo,256,4.947,excited
M4018,5-Meo,258,-2.735,inhibited
M4018,5-Meo,262,8.522,excited
M4018,5-Meo,264,-5.205,inhibited
M4018,5-Meo,266,-6.715,inhibited
M4018,5-Meo,270,-3.902,inhibited
M4018,5-Meo,272,-5.196,inhibited
M4018,5-Meo,274,-1.264,no change
M4018,5-Meo,276,-5.088,inhibited
M4018,5-Meo,282,-1.979,no change
M4018,5-Meo,284,-1.351,no change
M4018,5-Meo,286,-4.993,inhibited
M4018,5-Meo,288,4.97,excited
M4018,5-Meo,290,4.122,excited
M4018,5-Meo,292,0.704,no change
M4018,5-Meo,294,10.223,excited
M4018,5-Meo,298,-5.414,inhibited
M4018,5-Meo,300,-5.92,inhibited
M4018,5-Meo,302,-1.673,no change
